BOARDID,TRADEDATE,SHORTNAME,SECID,NUMTRADES,VALUE,OPEN,LOW,HIGH,LEGALCLOSEPRICE,WAPRICE,CLOSE,VOLUME,MARKETPRICE2,MARKETPRICE3,ADMITTEDQUOTE,MP2VALTRD,MARKETPRICE3TRADESVALUE,ADMITTEDVALUE,WAVAL,TRADINGSESSION,CURRENCYID,TRENDCLSPR,TRADE_SESSION_DATE
TQBR,2025-04-28,iАРТГЕН ао,ABIO,10793,194646629,85.36,84.64,92.5,87.7,89.52,88.1,2174500,90,90,,161730729.8,161730729.8,,0,3,SUR,3.6,2025-04-28
TQBR,2025-04-28,АбрауДюрсо,ABRD,2119,20621204,186.4,186.2,193,192,191,192,107980,191,191,,20621204,20621204,,0,3,SUR,3.56,2025-04-28
TQBR,2025-04-28,Система ао,AFKS,47737,2971048211.3,16.222,15.81,16.344,16.167,16.08,16.015,184772100,16.081,16.081,,1826953605.9,1826953605.9,,0,3,SUR,-0.9,2025-04-28
TQBR,2025-04-28,Аэрофлот,AFLT,66834,3475300483.3,74.78,72.52,75.48,74.36,74.06,73.5,46928360,73.79,73.79,,1751290108.8,1751290108.8,,0,3,SUR,-1.4,2025-04-28
TQBR,2025-04-28,AGRO-гдр,AGRO,0,0,,,,1085.2,,,0,,,,0,0,,0,3,SUR,,2025-04-28
TQBR,2025-04-28,Акрон,AKRN,208,12692304,16220,16080,16250,16162,16148,16162,786,16148,16148,,12692304,12692304,,0,3,SUR,-0.38,2025-04-28
TQBR,2025-04-28,АЛРОСА ао,ALRS,59496,1083246149.6,51.71,50.66,52.49,52,51.63,51.39,20979410,51.61,51.61,,723178526.7,723178526.7,,0,3,SUR,-0.21,2025-04-28
TQBR,2025-04-28,АшинскийМЗ,AMEZ,0,0,,,,68.05,,,0,,67.75,,0,1280515,,0,3,SUR,,2025-04-28
TQBR,2025-04-28,АПРИ,APRI,253,1615361.62,13.012,12.73,13.012,12.852,12.842,12.808,125780,12.842,12.842,,1615361.62,1615361.62,,0,3,SUR,-1.57,2025-04-28
TQBR,2025-04-28,Аптеки36и6,APTK,4999,39578116.44,10.538,10.472,10.808,10.67,10.65,10.564,3715930,10.674,10.674,,29969807.82,29969807.82,,0,3,SUR,0.78,2025-04-28
TQBR,2025-04-28,ИНАРКТИКА,AQUA,4220,58358869,665.5,658.5,669,662,663.5,662,87943,664,664,,28542873.5,28542873.5,,0,3,SUR,-0.23,2025-04-28
TQBR,2025-04-28,Арсагера,ARSA,55,252754,11.15,10.9,11.15,10.9,10.99,10.9,23000,,11.07,,0,505780,,0,3,SUR,-1.27,2025-04-28
TQBR,2025-04-28,АстрЭнСб,ASSB,81,761735,1.92,1.855,1.935,1.9,1.91,1.9,399000,1.91,1.91,,761735,761735,,0,3,SUR,2.98,2025-04-28
TQBR,2025-04-28,Астра ао,ASTR,15722,193611226.8,413.2,409.15,417.5,411.8,413.35,410.45,468423,412.5,412.5,,91089792.95,91089792.95,,0,3,SUR,-0.65,2025-04-28
TQBR,2025-04-28,Авангрд-ао,AVAN,673,5176241,749,727,752,736,734,736,7054,734,734,,5176241,5176241,,0,3,SUR,-2.52,2025-04-28
TQBR,2025-04-28,Башнефт ао,BANE,1827,41900675,2059.5,2027,2083.5,2066,2058,2048,20358,2057.5,2057.5,,22876220,22876220,,0,3,SUR,-0.32,2025-04-28
TQBR,2025-04-28,Башнефт ап,BANEP,6360,175385583,1231,1211,1241.5,1221.5,1225,1215,143196,1223.5,1223.5,,106989697.5,106989697.5,,0,3,SUR,-1.22,2025-04-28
TQBR,2025-04-28,НоваБев ао,BELU,12247,224702228,505,492.5,509,498,501,499,448904,499.5,499.5,,151230939,151230939,,0,3,SUR,-0.99,2025-04-28
TQBR,2025-04-28,БашИнСв ап,BISVP,87,204639,9.4,9.16,9.66,9.5,9.39,9.36,21800,,9.32,,0,509922,,0,3,SUR,0.21,2025-04-28
TQBR,2025-04-28,Белон ао,BLNG,602,8415432,15.77,15.25,15.79,15.41,15.5,15.41,543100,15.5,15.5,,8415432,8415432,,0,3,SUR,-0.84,2025-04-28
TQBR,2025-04-28,БурЗолото,BRZL,175,1195538,1876,1818,1876,1846,1845,1846,648,1845,1845,,1195538,1195538,,0,3,SUR,-0.81,2025-04-28
TQBR,2025-04-28,БСП ао,BSPB,46585,1159621818.6,404.18,404.18,416.97,410,411.67,411.48,2816820,412.62,412.62,,737031783,737031783,,0,3,SUR,1.92,2025-04-28
TQBR,2025-04-28,БСП ап,BSPBP,876,33580705,71.95,67.75,71.95,69.1,69.65,69.1,482200,69.65,69.65,,33580705,33580705,,0,3,SUR,-3.09,2025-04-28
TQBR,2025-04-28,СТГ,CARM,1160,3086137.1,1.521,1.5005,1.5335,1.508,1.517,1.5095,2034700,1.5165,1.5165,,1806630.25,1806630.25,,0,3,SUR,-0.46,2025-04-28
TQBR,2025-04-28,МКБ ао,CBOM,8262,94853442,8.158,7.921,8.272,8.217,8.107,8.134,11700100,8.098,8.098,,74809532.3,74809532.3,,0,3,SUR,0.11,2025-04-28
TQBR,2025-04-28,РН-ЗапСиб,CHGZ,77,495000,94.6,92.4,94.6,93.4,93.4,93.4,5300,,93.4,,0,504460,,0,3,SUR,-1.27,2025-04-28
TQBR,2025-04-28,ЧКПЗ ао,CHKZ,1,18300,18300,18300,18300,18300,18300,18300,1,,18000,,0,503400,,0,3,SUR,1.67,2025-04-28
TQBR,2025-04-28,СевСт-ао,CHMF,58230,2528909305,1120.2,1070,1121,1082.8,1089.8,1081.2,2320399,1088.6,1088.6,,1860538853.2,1860538853.2,,0,3,SUR,-2.28,2025-04-28
TQBR,2025-04-28,ЧМК ао,CHMK,457,6809000,5310,5215,5660,5350,5445,5350,1250,5445,5445,,6809000,6809000,,0,3,SUR,0.94,2025-04-28
TQBR,2025-04-28,ЦИАН,CNRU,4124,64042490,532.8,529.2,558,551,541.8,551,118182,541.8,541.8,,64042490,64042490,,0,3,SUR,3.42,2025-04-28
TQBR,2025-04-28,Телеграф,CNTL,165,1585980,11,10.82,11.14,10.88,10.96,10.88,144700,10.96,10.96,,1585980,1585980,,0,3,SUR,0.74,2025-04-28
TQBR,2025-04-28,Телеграф-п,CNTLP,748,5679964,7.54,7.3,7.64,7.42,7.44,7.42,764000,7.44,7.44,,5679964,5679964,,0,3,SUR,-0.8,2025-04-28
TQBR,2025-04-28,iАренадата,DATA,8569,39879831.14,130.5,129.48,131.98,130.04,130.54,129.84,305512,130.16,130.16,,17934348.82,17934348.82,,0,3,SUR,-0.12,2025-04-28
TQBR,2025-04-28,iКаршеринг,DELI,5042,26854571,171.4,170.2,173.8,171.6,171.9,171.9,156243,171.35,171.35,,9556876,9556876,,0,3,SUR,0.38,2025-04-28
TQBR,2025-04-28,iДиасофт,DIAS,2775,35724593.5,3390.5,3301.5,3419.5,3325.5,3354,3310.5,10652,3347,3347,,23686803.5,23686803.5,,0,3,SUR,-2.37,2025-04-28
TQBR,2025-04-28,ЗаводДИОД,DIOD,149,1224795,11.44,11.05,11.44,11.08,11.18,11.08,109600,11.18,11.18,,1224795,1224795,,0,3,SUR,-2.72,2025-04-28
TQBR,2025-04-28,ДЭК ао,DVEC,185,1750291,2.235,2.182,2.235,2.197,2.202,2.197,795000,2.202,2.202,,1750291,1750291,,0,3,SUR,0.32,2025-04-28
TQBR,2025-04-28,ДонскЗР,DZRD,24,127465,3955,3940,4005,3940,3985,3940,32,,3895,,0,506125,,0,3,SUR,0.38,2025-04-28
TQBR,2025-04-28,ДонскЗР п,DZRDP,20,154340,2700,2690,2720,2720,2710,2690,57,,2700,,0,501920,,0,3,SUR,-1.1,2025-04-28
TQBR,2025-04-28,ЕвроЭлтех,EELT,262,932484.6,11.78,11.68,11.84,11.7,11.76,11.7,79250,11.76,11.76,,932484.6,932484.6,,0,3,SUR,-0.85,2025-04-28
TQBR,2025-04-28,ЭЛ5Энер ао,ELFV,3050,32417133.8,0.521,0.512,0.5238,0.5168,0.517,0.5164,62705000,0.518,0.518,,14285862.6,14285862.6,,0,3,SUR,-0.69,2025-04-28
TQBR,2025-04-28,Элемент,ELMT,2721,15846184.8,0.1357,0.1308,0.138,0.13445,0.13515,0.1345,117236000,0.1349,0.1349,,7912150.1,7912150.1,,0,3,SUR,-0.44,2025-04-28
TQBR,2025-04-28,ЭН+ГРУП ао,ENPG,32749,543386420.7,441.05,441.05,454.75,445.95,448.4,443.45,1211806,447.5,447.5,,253871289.1,253871289.1,,0,3,SUR,0.97,2025-04-28
TQBR,2025-04-28,ETLN-гдр,ETLN,855,6394070.98,63.98,62.12,64.88,63,63.24,63,101120,63.24,63.24,,6394070.98,6394070.98,,0,3,SUR,-1.53,2025-04-28
TQBR,2025-04-28,ЕвроТранс,EUTR,19163,471231771.15,126.55,126.2,129.7,127.45,127.7,126.75,3690234,127.85,127.85,,237863473.35,237863473.35,,0,3,SUR,0.32,2025-04-28
TQBR,2025-04-28,Россети,FEES,32066,349195854,0.0715,0.06998,0.07306,0.07248,0.07182,0.0728,4862740000,0.07182,0.07182,,230071172.4,230071172.4,,0,3,SUR,2.33,2025-04-28
TQBR,2025-04-28,ДВМП ао,FESH,17861,398624407.8,65.04,62.91,66.29,64.6,64.48,63.9,6181950,63.96,63.96,,223822772.4,223822772.4,,0,3,SUR,-1.72,2025-04-28
TQBR,2025-04-28,FIXP-гдр,FIXP,2986,43658007.2,162.2,155.5,164.2,160.6,159.9,159.9,272960,160,160,,36782719.2,36782719.2,,0,3,SUR,-1.42,2025-04-28
TQBR,2025-04-28,Совкомфлот,FLOT,41811,1149864547.3,93.25,90.88,94.2,91.39,92.38,91.29,12446600,92.16,92.16,,675236304,675236304,,0,3,SUR,-1.7,2025-04-28
TQBR,2025-04-28,ГАЗ ао,GAZA,24,183300,674,661,692,692,679,692,270,,682,,0,524780,,0,3,SUR,-0.29,2025-04-28
TQBR,2025-04-28,ГАЗ ап,GAZAP,10,70435,440.5,438.5,442,439.5,440,438.5,160,,440,,0,505905,,0,3,SUR,-0.57,2025-04-28
TQBR,2025-04-28,ГАЗКОН-ао,GAZC,0,0,,,,659,,,0,,,,0,0,,0,3,SUR,,2025-04-28
TQBR,2025-04-28,ГАЗПРОМ ао,GAZP,357175,42374946017,152,149.05,157.45,154.91,153.22,153.27,276547850,153.47,153.47,,22917919693.1,22917919693.1,,0,3,SUR,2.02,2025-04-28
TQBR,2025-04-28,ГАЗ-сервис,GAZS,0,0,,,,839,,,0,,,,0,0,,0,3,SUR,,2025-04-28
TQBR,2025-04-28,ГАЗ-Тек ао,GAZT,0,0,,,,1739,,,0,,,,0,0,,0,3,SUR,,2025-04-28
TQBR,2025-04-28,ЧеркизГ-ао,GCHE,576,9866044,3869,3861,3956,3925,3895,3925,2533,3895,3895,,9866044,9866044,,0,3,SUR,1.9,2025-04-28
TQBR,2025-04-28,iГЕНЕТИКО,GECO,2925,20980498,29.05,28.92,29.85,29.09,29.36,29.09,714610,29.36,29.36,,20980498,20980498,,0,3,SUR,1.15,2025-04-28
TQBR,2025-04-28,iММЦБ ао,GEMA,230,3707336,125.1,125.1,129.1,125.7,127.4,125.7,29110,127.4,127.4,,3707336,3707336,,0,3,SUR,0.56,2025-04-28
TQBR,2025-04-28,МКПАО ЮМГ,GEMC,3015,39876228.7,792.7,765,801.6,766.2,772.7,771,51605,772.2,772.2,,34297700.6,34297700.6,,0,3,SUR,-2.22,2025-04-28
TQBR,2025-04-28,ГМКНорНик,GMKN,68221,3211056740.8,118,116.5,120.36,118.82,118.42,117.3,27114300,118.26,118.26,,1725046014.6,1725046014.6,,0,3,SUR,-0.34,2025-04-28
TQBR,2025-04-28,ГТМ ао,GTRK,4896,168675769,247,238.9,250.3,243.5,245.2,240.3,687810,245.5,245.5,,112201121,112201121,,0,3,SUR,-1.8,2025-04-28
TQBR,2025-04-28,Хэдхантер,HEAD,18551,620143687,3300,3218,3330,3282,3265,3233,189955,3254,3254,,402707509,402707509,,0,3,SUR,-1.94,2025-04-28
TQBR,2025-04-28,Химпром ап,HIMCP,81,550690,23.6,23.06,23.6,23.46,23.34,23.5,23600,23.34,23.34,,550690,550690,,0,3,SUR,0.6,2025-04-28
TQBR,2025-04-28,ХЭНДЕРСОН,HNFG,4515,46383492.9,632,623,646.6,628.7,634.8,628,73069,634.9,634.9,,27863431.8,27863431.8,,0,3,SUR,-0.13,2025-04-28
TQBR,2025-04-28,РусГидро,HYDR,29532,483094342.1,0.4918,0.4742,0.4967,0.488,0.4847,0.4823,996646000,0.4833,0.4833,,357355852.5,357355852.5,,0,3,SUR,-0.8,2025-04-28
TQBR,2025-04-28,Ижсталь2ао,IGST,40,702200,6400,6160,6400,6200,6260,6200,112,6260,6260,,702200,702200,,0,3,SUR,-0.64,2025-04-28
TQBR,2025-04-28,Ижсталь ап,IGSTP,39,442430,4560,4480,4590,4510,4510,4510,98,,4530,,0,507570,,0,3,SUR,-2.17,2025-04-28
TQBR,2025-04-28,ИНГРАД ао,INGR,19,302962,1764,1760,1786,1766,1782,1766,170,,1764,,0,2062962,,0,3,SUR,0.34,2025-04-28
TQBR,2025-04-28,ИнтерРАОао,IRAO,46059,751158695.85,3.585,3.5795,3.643,3.6155,3.61,3.608,208070700,3.6115,3.6115,,465729145.6,465729145.6,,0,3,SUR,0.89,2025-04-28
TQBR,2025-04-28,Яковлев-3,IRKT,12771,635523164,34.2,34,35.76,35.22,34.98,35.1,18169000,35.12,35.12,,374497270,374497270,,0,3,SUR,3.24,2025-04-28
TQBR,2025-04-28,iИВА,IVAT,3806,16077772.65,149.45,147.5,150.9,148.1,148.8,148.2,108047,148.55,148.55,,7184934.35,7184934.35,,0,3,SUR,-0.1,2025-04-28
TQBR,2025-04-28,Славн-ЯНОС,JNOS,48,309150,17,16.6,17.05,16.8,16.8,16.8,18400,,17,,0,518535,,0,3,SUR,-2.04,2025-04-28
TQBR,2025-04-28,Слав-ЯНОСп,JNOSP,33,115826,11.24,11,11.24,11,11.04,11,10500,,11.06,,0,500854,,0,3,SUR,-1.26,2025-04-28
TQBR,2025-04-28,Куйбазот,KAZT,184,1813512,484,482.2,487,483.6,484.8,483.6,3740,484.8,484.8,,1813512,1813512,,0,3,SUR,-0.08,2025-04-28
TQBR,2025-04-28,Куйбазот-п,KAZTP,86,773440,493.5,493.5,508.5,493.5,499,493.5,1550,499,499,,773440,773440,,0,3,SUR,0.1,2025-04-28
TQBR,2025-04-28,ТНСэКубань,KBSB,41,261640,455,442.5,458,449.5,451,449.5,580,,452,,0,510775,,0,3,SUR,-0.44,2025-04-28
TQBR,2025-04-28,КамчатЭ ао,KCHE,23,168850,0.454,0.437,0.454,0.446,0.444,0.446,380000,,0.451,,0,504600,,0,3,SUR,-0.67,2025-04-28
TQBR,2025-04-28,КамчатЭ ап,KCHEP,10,86950,0.73,0.715,0.735,0.725,0.725,0.725,120000,,0.74,,0,501550,,0,3,SUR,-2.03,2025-04-28
TQBR,2025-04-28,КурганГКао,KGKC,28,47708,43,42.8,43.6,42.8,43,42.8,1110,,41.8,,0,502134,,0,3,SUR,0.94,2025-04-28
TQBR,2025-04-28,КурганГКап,KGKCP,88,390626,52.2,49.8,52.2,50.6,51,50.6,7650,,51.4,,0,504108,,0,3,SUR,-3.07,2025-04-28
TQBR,2025-04-28,КалужскСК,KLSB,374,4718372,23.41,23.35,24.19,23.62,23.79,23.62,198300,23.79,23.79,,4718372,4718372,,0,3,SUR,1.16,2025-04-28
TQBR,2025-04-28,Кристалл,KLVZ,205,1665169.4,3.842,3.802,3.854,3.82,3.834,3.82,434300,3.834,3.834,,1665169.4,1665169.4,,0,3,SUR,-0.21,2025-04-28
TQBR,2025-04-28,КАМАЗ,KMAZ,3544,61848420,113.4,110.4,114.4,111.6,112.3,111.4,550550,111.8,111.8,,26350466,26350466,,0,3,SUR,-1.15,2025-04-28
TQBR,2025-04-28,КМЗ,KMEZ,92,589718,1300,1238,1300,1256,1266,1256,466,1266,1266,,589718,589718,,0,3,SUR,-0.32,2025-04-28
TQBR,2025-04-28,КоршГОК ао,KOGK,8,489000,40400,40200,41200,40200,40800,40200,12,40600,40600,,688600,568400,,0,3,SUR,1.52,2025-04-28
TQBR,2025-04-28,СаратНПЗ,KRKN,27,270750,9500,9050,9700,9150,9350,9150,29,,9300,,0,538850,,0,3,SUR,-2.66,2025-04-28
TQBR,2025-04-28,СаратНПЗ-п,KRKNP,302,6459820,8280,8120,8500,8200,8320,8200,777,8320,8320,,6459820,6459820,,0,3,SUR,0.24,2025-04-28
TQBR,2025-04-28,ТКЗКК ап,KRKOP,131,1026870,13.44,12.54,13.44,12.66,12.94,12.66,79400,12.94,12.94,,1026870,1026870,,0,3,SUR,-4.67,2025-04-28
TQBR,2025-04-28,КрасОкт-ао,KROT,90,2965280,1559,1534,1599,1534,1569,1534,1890,1569,1569,,2965280,2965280,,0,3,SUR,-1.03,2025-04-28
TQBR,2025-04-28,КрасОкт-1п,KROTP,43,337280,483,483,499,484,489,484,690,,488,,0,502220,,0,3,SUR,0.21,2025-04-28
TQBR,2025-04-28,Красэсб ао,KRSB,133,2148116,16.18,16,16.88,16.4,16.4,16.4,129400,16.6,16.6,,2148116,2148116,,0,3,SUR,2.37,2025-04-28
TQBR,2025-04-28,Красэсб ап,KRSBP,68,477502,16.4,16.26,16.58,16.36,16.4,16.36,29100,,16.4,,0,508572,,0,3,SUR,0.62,2025-04-28
TQBR,2025-04-28,КузнецкийБ,KUZB,229,649094.5,0.0351,0.03455,0.0353,0.035,0.03495,0.035,18580000,0.03495,0.03495,,649094.5,649094.5,,0,3,SUR,0.29,2025-04-28
TQBR,2025-04-28,ОргСинт ао,KZOS,326,1648775,80.7,80.1,81.2,80.6,80.6,80.6,20460,80.6,80.6,,1648775,1648775,,0,3,SUR,-0.12,2025-04-28
TQBR,2025-04-28,ОргСинт ап,KZOSP,474,2410601.3,21.34,21.28,21.87,21.5,21.55,21.5,111840,21.55,21.55,,2410601.3,2410601.3,,0,3,SUR,0.75,2025-04-28
TQBR,2025-04-28,Европлан,LEAS,24081,216909901.7,649.3,642.2,667.8,665,656,650.2,330696,656.6,656.6,,146323737.1,146323737.1,,0,3,SUR,0.45,2025-04-28
TQBR,2025-04-28,Лента ао,LENT,4196,70865844.5,1470.5,1443.5,1495,1464.5,1471,1452.5,48174,1473,1473,,53418036.5,53418036.5,,0,3,SUR,-1.16,2025-04-28
TQBR,2025-04-28,Фармсинтез,LIFE,1673,22959668,3.685,3.685,3.86,3.78,3.775,3.78,6080200,3.775,3.775,,22959668,22959668,,0,3,SUR,2.72,2025-04-28
TQBR,2025-04-28,ЛУКОЙЛ,LKOH,61806,5344514419,6878,6805,6963,6909,6884.5,6827,776244,6881,6881,,3122257437,3122257437,,0,3,SUR,-0.43,2025-04-28
TQBR,2025-04-28,Ламбумиз,LMBZ,142,1014154,501,490.5,519.5,508.5,507,518.5,2001,507,507,,1014154,1014154,,0,3,SUR,5.6,2025-04-28
TQBR,2025-04-28,Лензолото,LNZL,156,3407210,12620,12520,12910,12640,12670,12640,269,12670,12670,,3407210,3407210,,0,3,SUR,1.12,2025-04-28
TQBR,2025-04-28,Лензол. ап,LNZLP,512,3731465,1850,1805,1860,1815,1825,1820,2047,1825,1825,,3731465,3731465,,0,3,SUR,-0.82,2025-04-28
TQBR,2025-04-28,ЛЭСК ао,LPSB,126,2053915,64.6,63.65,65.55,63.85,64.4,63.85,31900,64.4,64.4,,2053915,2053915,,0,3,SUR,-1.47,2025-04-28
TQBR,2025-04-28,РСетиЛЭ,LSNG,482,6014123,14.32,14.19,14.49,14.32,14.33,14.3,419600,14.33,14.33,,6014123,6014123,,0,3,SUR,0,2025-04-28
TQBR,2025-04-28,РСетиЛЭ-п,LSNGP,1311,33863625.5,206.6,206.6,210.3,206.8,208.85,206.8,162150,208.85,208.85,,33863625.5,33863625.5,,0,3,SUR,-0.58,2025-04-28
TQBR,2025-04-28,ЛСР ао,LSRG,76223,1980330041.8,850.6,848,885,872.4,868,869.8,2281368,867.6,867.6,,1156058197.6,1156058197.6,,0,3,SUR,3.84,2025-04-28
TQBR,2025-04-28,Левенгук,LVHK,33,320325,30,29.65,30.1,29.85,29.95,29.85,10700,,29.9,,0,502010,,0,3,SUR,-0.67,2025-04-28
TQBR,2025-04-28,МагадЭн ао,MAGE,116,332454,3.22,3.1,3.23,3.19,3.16,3.19,105300,,3.16,,0,534010,,0,3,SUR,0.95,2025-04-28
TQBR,2025-04-28,МагадЭн ап,MAGEP,178,471676,2.34,2.3,2.44,2.36,2.36,2.44,199500,,2.36,,0,541642,,0,3,SUR,4.27,2025-04-28
TQBR,2025-04-28,ММК,MAGN,76114,1731454827.3,35.085,34.38,35.56,34.855,35.07,34.71,49374100,35.085,35.085,,1215123802.4,1215123802.4,,0,3,SUR,-0.8,2025-04-28
TQBR,2025-04-28,МТС Банк,MBNK,5672,130730398.5,1310,1276,1324,1295,1298,1283.5,100732,1293.5,1293.5,,77887930.5,77887930.5,,0,3,SUR,-2.36,2025-04-28
TQBR,2025-04-28,MDMG-ао,MDMG,11505,155776092.6,990.1,985,1006,987,994.5,992.8,156669,996.4,996.4,,90789024.4,90789024.4,,0,3,SUR,0.51,2025-04-28
TQBR,2025-04-28,Мегион-ао,MFGS,4,14280,356,356,360,360,357,360,40,,359,,0,506220,,0,3,SUR,1.12,2025-04-28
TQBR,2025-04-28,Мегион-ап,MFGSP,13,46675,233,232,234,232.5,233.5,232,200,,229.5,,0,500450,,0,3,SUR,0,2025-04-28
TQBR,2025-04-28,МГКЛ,MGKL,4865,59374328.3,2.553,2.548,2.6975,2.5765,2.6015,2.5665,22823100,2.5955,2.5955,,32884172.45,32884172.45,,0,3,SUR,0.88,2025-04-28
TQBR,2025-04-28,Магнит ао,MGNT,52812,4153612731.5,4640,4550,4799,4782,4692.5,4763.5,885040,4689,4689,,2673392117,2673392117,,0,3,SUR,2.88,2025-04-28
TQBR,2025-04-28,СМЗ-ао,MGNZ,0,0,,,,7440,,,0,,,,0,0,,0,3,SUR,,2025-04-28
TQBR,2025-04-28,МГТС-5ао,MGTS,22,98350,1180,1180,1190,1190,1185,1190,83,,1170,,0,504545,,0,3,SUR,0.42,2025-04-28
TQBR,2025-04-28,МГТС-4ап,MGTSP,245,3582272,848,834,856,840,844,840,4244,844,844,,3582272,3582272,,0,3,SUR,-0.71,2025-04-28
TQBR,2025-04-28,ТНСэнМарЭл,MISB,42,348730,49.8,48.5,50.5,49.2,49.8,49.1,7000,,49.7,,0,501630,,0,3,SUR,-1.01,2025-04-28
TQBR,2025-04-28,ТНСэМаЭл-п,MISBP,17,175950,46.2,45.9,46.4,46.4,46.3,46.4,3800,,46,,0,506510,,0,3,SUR,0.87,2025-04-28
TQBR,2025-04-28,МосБиржа,MOEX,70096,3063081585.2,208.83,203.6,209.78,206.54,206.74,203.68,14816100,206.62,206.62,,1979172831.1,1979172831.1,,0,3,SUR,-2.09,2025-04-28
TQBR,2025-04-28,РоссЦентр,MRKC,1660,12846886.8,0.5836,0.5682,0.5836,0.57,0.5754,0.57,22325000,0.5754,0.5754,,12846886.8,12846886.8,,0,3,SUR,-1.08,2025-04-28
TQBR,2025-04-28,Россети СК,MRKK,56,430789.6,17.08,16.88,17.08,16.94,16.98,16.94,25370,,16.98,,0,500316.6,,0,3,SUR,-0.12,2025-04-28
TQBR,2025-04-28,РСетиЦП ао,MRKP,925,23395377,0.3849,0.3849,0.3882,0.3868,0.3866,0.3868,60520000,0.3866,0.3866,,23395377,23395377,,0,3,SUR,0.55,2025-04-28
TQBR,2025-04-28,РсетСиб ао,MRKS,1435,12005533.5,0.5225,0.5185,0.546,0.536,0.5375,0.5345,22339000,0.54,0.54,,9251273,9251273,,0,3,SUR,1.91,2025-04-28
TQBR,2025-04-28,Россети Ур,MRKU,930,13593102,0.4032,0.4002,0.4086,0.4032,0.4044,0.4026,33620000,0.4052,0.4052,,8827236,8827236,,0,3,SUR,0.45,2025-04-28
TQBR,2025-04-28,РсетВол ао,MRKV,832,5010211.5,0.0716,0.0716,0.07385,0.0729,0.0732,0.0729,68430000,0.0732,0.0732,,5010211.5,5010211.5,,0,3,SUR,0.9,2025-04-28
TQBR,2025-04-28,РоссЮг ао,MRKY,426,4178048,0.07245,0.07035,0.07295,0.07145,0.0715,0.07145,58450000,0.0715,0.0715,,4178048,4178048,,0,3,SUR,-1.65,2025-04-28
TQBR,2025-04-28,РСетиСЗ ао,MRKZ,451,4129732,0.06285,0.0621,0.06375,0.0633,0.0631,0.06305,65460000,0.0631,0.0631,,4129732,4129732,,0,3,SUR,1.12,2025-04-28
TQBR,2025-04-28,МордЭнСб,MRSB,57,869420,0.748,0.738,0.772,0.75,0.756,0.746,1150000,0.756,0.756,,869420,869420,,0,3,SUR,1.08,2025-04-28
TQBR,2025-04-28,+МосЭнерго,MSNG,7167,107988205.5,2.3,2.1895,2.325,2.2585,2.25,2.2465,47998000,2.243,2.243,,90567299.5,90567299.5,,0,3,SUR,-2.3,2025-04-28
TQBR,2025-04-28,РСетиМР ао,MSRS,964,10764832,1.1875,1.161,1.2035,1.1785,1.182,1.175,9108000,1.18,1.18,,8044581,8044581,,0,3,SUR,-0.8,2025-04-28
TQBR,2025-04-28,Мостотрест,MSTT,1131,21923793,140,137.45,143,138.45,140.35,138.45,156220,140.35,140.35,,21923793,21923793,,0,3,SUR,0.73,2025-04-28
TQBR,2025-04-28,Мечел ао,MTLR,102731,2613603250.16,97.5,96.23,99.39,97.79,97.65,97,26765862,97.35,97.35,,1359877363.69,1359877363.69,,0,3,SUR,-0.38,2025-04-28
TQBR,2025-04-28,Мечел ап,MTLRP,10054,332027691,98.5,97.55,100.6,99.15,99,98.2,3354580,98.75,98.75,,187437856.5,187437856.5,,0,3,SUR,-0.2,2025-04-28
TQBR,2025-04-28,МТС-ао,MTSS,27309,907700363,219.3,217.1,223.25,221.6,219.8,220.05,4128110,219.75,219.75,,638452874,638452874,,0,3,SUR,0.53,2025-04-28
TQBR,2025-04-28,М.видео,MVID,5914,77981301.65,110.4,109.15,112.9,110.5,110.9,109.7,703188,111.25,111.25,,40064460.3,40064460.3,,0,3,SUR,-0.77,2025-04-28
TQBR,2025-04-28,iНПОНаука,NAUK,332,4229420,476,466.5,499,471.5,479.5,473.5,8820,479.5,479.5,,4229420,4229420,,0,3,SUR,-0.32,2025-04-28
TQBR,2025-04-28,НЕФАЗ,NFAZ,178,3583185,353,334.5,353.5,342,343,342,10450,343,343,,3583185,3583185,,0,3,SUR,-2.56,2025-04-28
TQBR,2025-04-28,НКХП ао,NKHP,1197,34673215,816,809.5,841,824,825,824,42030,825,825,,34673215,34673215,,0,3,SUR,0.3,2025-04-28
TQBR,2025-04-28,НКНХ ао,NKNC,320,3944537,92.3,91.35,92.55,91.75,91.9,91.75,42920,91.9,91.9,,3944537,3944537,,0,3,SUR,-1.56,2025-04-28
TQBR,2025-04-28,НКНХ ап,NKNCP,641,5340638,71.06,71.04,72.32,71.18,71.56,71.18,74640,71.56,71.56,,5340638,5340638,,0,3,SUR,0.17,2025-04-28
TQBR,2025-04-28,Нижкамшина,NKSH,80,969475,47.55,46.4,47.6,46.8,46.85,47.1,20700,46.85,46.85,,969475,969475,,0,3,SUR,0.21,2025-04-28
TQBR,2025-04-28,НЛМК ао,NLMK,31924,1344932765,136.48,133.62,137.84,135.62,135.78,134.04,9905130,135.62,135.62,,801416659.2,801416659.2,,0,3,SUR,-1.27,2025-04-28
TQBR,2025-04-28,НМТП ао,NMTP,7328,228759046,9.485,9.275,9.585,9.51,9.465,9.43,24180200,9.45,9.45,,166808730.5,166808730.5,,0,3,SUR,-0.58,2025-04-28
TQBR,2025-04-28,ТНСэнНН ао,NNSB,6,26180,3800,3690,3800,3770,3740,3770,7,,3730,,0,500220,,0,3,SUR,1.07,2025-04-28
TQBR,2025-04-28,ТНСэнНН ап,NNSBP,12,38736,1212,1202,1216,1214,1210,1214,32,,1192,,0,505428,,0,3,SUR,1.68,2025-04-28
TQBR,2025-04-28,iНаукаСвяз,NSVZ,793,10698545,310.5,307,328,314,314.5,314,34010,314.5,314.5,,10698545,10698545,,0,3,SUR,2.11,2025-04-28
TQBR,2025-04-28,Новатэк ао,NVTK,84036,6021013719.2,1286.4,1256.2,1290,1275,1272.8,1266.2,4730938,1273.2,1273.2,,4146396165,4146396165,,0,3,SUR,-3.68,2025-04-28
TQBR,2025-04-28,ОГК-2 ао,OGKB,3288,31021528.2,0.3704,0.365,0.3769,0.3737,0.3718,0.3699,83445000,0.3709,0.3709,,21385439,21385439,,0,3,SUR,-0.3,2025-04-28
TQBR,2025-04-28,OKEY-гдр,OKEY,293,1937593.1,30.57,30.41,31.1,30.41,30.66,30.41,63200,30.66,30.66,,1937593.1,1937593.1,,0,3,SUR,0.07,2025-04-28
TQBR,2025-04-28,ОМЗ-ап,OMZZP,79,1502580,11840,11680,12520,11740,12120,11740,124,12120,12120,,1502580,1502580,,0,3,SUR,0.69,2025-04-28
TQBR,2025-04-28,OZON-адр,OZON,7513,589633369.5,3757,3707,3809,3791,3764.5,3770,156628,3762,3762,,479297377,479297377,,0,3,SUR,0.35,2025-04-28
TQBR,2025-04-28,iОзонФарм,OZPH,11951,151744285.7,56.01,54.13,56.55,55.14,55.47,54.97,2734480,55.42,55.42,,107923366.9,107923366.9,,0,3,SUR,-1.86,2025-04-28
TQBR,2025-04-28,ПавлАвт ао,PAZA,107,1676100,11080,10580,11240,10660,10820,10660,155,10820,10820,,1676100,1676100,,0,3,SUR,-2.38,2025-04-28
TQBR,2025-04-28,ФосАгро ао,PHOR,11762,382887701,6356,6272,6390,6305,6327,6296,60519,6322,6322,,283246639,283246639,,0,3,SUR,-0.91,2025-04-28
TQBR,2025-04-28,ПИК ао,PIKK,70390,3337693728.7,518,500.6,520.6,509.6,510.1,503.7,6543013,508.7,508.7,,1974384175.4,1974384175.4,,0,3,SUR,-1.54,2025-04-28
TQBR,2025-04-28,Полюс,PLZL,75908,2990512805,1858,1794.2,1870.8,1797,1818.8,1816.6,1644292,1812.4,1812.4,,1920516213.2,1920516213.2,,0,3,SUR,-2.17,2025-04-28
TQBR,2025-04-28,ПермьЭнСб,PMSB,3901,68533451,282.1,278.2,302,283.5,291.4,283.5,235510,291,291,,68533451,68533451,,0,3,SUR,4.07,2025-04-28
TQBR,2025-04-28,ПермьЭнС-п,PMSBP,1358,17276954,287,287,305,293,298,293,57980,298,298,,17276954,17276954,,0,3,SUR,3.24,2025-04-28
TQBR,2025-04-28,iПозитив,POSI,21428,467112492.2,1307,1280.6,1314.8,1294.8,1297,1284,360155,1296,1296,,294043690.4,294043690.4,,0,3,SUR,-1.76,2025-04-28
TQBR,2025-04-28,ЧЗПСН ао,PRFN,493,3629230.8,4.538,4.388,4.55,4.46,4.488,4.46,808600,4.488,4.488,,3629230.8,3629230.8,,0,3,SUR,-0.89,2025-04-28
TQBR,2025-04-28,Приморье,PRMB,20,627200,30000,30000,32400,31600,31400,31600,20,31400,31400,,627200,627200,,0,3,SUR,1.94,2025-04-28
TQBR,2025-04-28,ПРОМОМЕД,PRMD,5846,66303172.85,409.95,400.5,415,402.3,406.65,403,163055,405.15,405.15,,45577540.75,45577540.75,,0,3,SUR,-1.3,2025-04-28
TQBR,2025-04-28,iNanduQPLC,QIWI,3471,102033770.8,171.4,165.6,175.4,170,170.2,169.2,599173,170.6,170.6,,88367463.2,88367463.2,,0,3,SUR,-1.28,2025-04-28
TQBR,2025-04-28,Русагро,RAGR,60235,1366653765.46,134.62,133.02,139.8,135.86,136.78,134.6,9990719,137.42,137.42,,990912705.28,990912705.28,,0,3,SUR,0.09,2025-04-28
TQBR,2025-04-28,Распадская,RASP,11291,240113024,253.6,248.5,268.55,256.3,256.25,257.3,936940,257.1,257.1,,183068248,183068248,,0,3,SUR,2.22,2025-04-28
TQBR,2025-04-28,ГК РБК ао,RBCM,1461,24692152,14.09,13.45,14.09,13.67,13.71,13.67,1801300,13.71,13.71,,24692152,24692152,,0,3,SUR,-1.51,2025-04-28
TQBR,2025-04-28,РДБанк ао,RDRB,78,674925,145,142.5,145,144.5,143.5,144.5,4710,143.5,143.5,,674925,674925,,0,3,SUR,0.7,2025-04-28
TQBR,2025-04-28,Ренессанс,RENI,7919,179138799,121.46,118.06,122.18,120.06,119.34,118.68,1501100,119.28,119.28,,121921650.8,121921650.8,,0,3,SUR,-1.84,2025-04-28
TQBR,2025-04-28,РГС СК ао,RGSS,387,1026031.8,0.2608,0.259,0.2658,0.2634,0.263,0.2638,3902000,0.263,0.263,,1026031.8,1026031.8,,0,3,SUR,1.31,2025-04-28
TQBR,2025-04-28,ЭнергияРКК,RKKE,275,7753780,19130,19080,19250,19080,19150,19080,405,19150,19150,,7753780,7753780,,0,3,SUR,-0.21,2025-04-28
TQBR,2025-04-28,РуссНфт ао,RNFT,46132,1763447280.75,132.45,128.65,134.75,132,131.65,130.25,13392940,131.55,131.55,,930753200,930753200,,0,3,SUR,-1.25,2025-04-28
TQBR,2025-04-28,Русолово,ROLO,4307,78113632.8,0.6522,0.6424,0.69,0.6702,0.668,0.6702,116939000,0.668,0.668,,78113632.8,78113632.8,,0,3,SUR,3.39,2025-04-28
TQBR,2025-04-28,Роснефть,ROSN,83398,3219424109.7,481.75,469.35,483.95,479,477.65,473.95,6740082,476.85,476.85,,2154844995.75,2154844995.75,,0,3,SUR,-1.26,2025-04-28
TQBR,2025-04-28,РОСИНТЕРао,ROST,35,234178,117.8,116.2,120.6,119.2,118.8,119.2,1970,,118.6,,0,501290,,0,3,SUR,-0.33,2025-04-28
TQBR,2025-04-28,ГР Ростов,RTGZ,22,1655000,57400,55200,59200,56600,57000,56600,29,57000,57000,,1655000,1655000,,0,3,SUR,2.17,2025-04-28
TQBR,2025-04-28,Ростел -ао,RTKM,36262,1237177493.9,61.55,58.97,62.22,59.91,60.11,59.85,20569690,59.98,59.98,,1034140430.9,1034140430.9,,0,3,SUR,-2.64,2025-04-28
TQBR,2025-04-28,Ростел -ап,RTKMP,4421,77917422.5,57.5,56.1,58.25,57.1,57.1,56.7,1364070,56.95,56.95,,57710030,57710030,,0,3,SUR,-1.13,2025-04-28
TQBR,2025-04-28,ТНСэнРст,RTSB,49,415610,2.9,2.82,2.965,2.895,2.885,2.895,144000,,2.88,,0,506455,,0,3,SUR,0.87,2025-04-28
TQBR,2025-04-28,ТНСэнРст-п,RTSBP,75,479688,1.364,1.354,1.406,1.392,1.382,1.392,347000,,1.382,,0,500274,,0,3,SUR,2.2,2025-04-28
TQBR,2025-04-28,РУСАЛ ао,RUAL,41563,1036351127.2,35.36,34.81,36.165,35.64,35.545,35.19,29154470,35.595,35.595,,601656840,601656840,,0,3,SUR,0.14,2025-04-28
TQBR,2025-04-28,ИКРУСС-ИНВ,RUSI,102,1049258,79.8,78,79.8,78.5,78.7,78.7,13340,78.7,78.7,,1049258,1049258,,0,3,SUR,-0.63,2025-04-28
TQBR,2025-04-28,РязЭнСб,RZSB,105,908140,31.64,31.2,31.86,31.84,31.54,31.84,28800,31.54,31.54,,908140,908140,,0,3,SUR,1.66,2025-04-28
TQBR,2025-04-28,СамарЭн-ао,SAGO,50,556220,2.92,2.85,2.93,2.93,2.88,2.93,193000,2.88,2.88,,556220,556220,,0,3,SUR,1.38,2025-04-28
TQBR,2025-04-28,СамарЭн-ап,SAGOP,43,421805,2.895,2.87,2.95,2.94,2.91,2.94,145000,,2.895,,0,645920,,0,3,SUR,1.55,2025-04-28
TQBR,2025-04-28,СаратЭн-ао,SARE,31,298120,0.45,0.438,0.452,0.448,0.445,0.444,670000,,0.441,,0,512020,,0,3,SUR,0.91,2025-04-28
TQBR,2025-04-28,СаратЭн-ап,SAREP,4,9975,0.25,0.249,0.25,0.249,0.2495,0.249,40000,,0.2445,,0,506165,,0,3,SUR,1.22,2025-04-28
TQBR,2025-04-28,Сбербанк,SBER,169583,20322690613.4,318.42,313.52,320.26,317.77,317.22,314.23,64064870,317.4,317.4,,11959371005.8,11959371005.8,,0,3,SUR,-0.78,2025-04-28
TQBR,2025-04-28,Сбербанк-п,SBERP,29891,1903583467.7,314.03,310.52,316.98,315.34,313.91,311.73,6064180,314.25,314.25,,1282848091.2,1282848091.2,,0,3,SUR,-0.54,2025-04-28
TQBR,2025-04-28,Селигдар,SELG,49796,309756326.7,51.44,51.09,52.88,52.64,51.96,52.45,5961720,52,52,,230402147.1,230402147.1,,0,3,SUR,2.24,2025-04-28
TQBR,2025-04-28,ЭсЭфАй ао,SFIN,32214,750974527.4,1470,1450,1530.8,1484,1492.8,1459.8,502996,1499,1499,,591653335.8,591653335.8,,0,3,SUR,-0.25,2025-04-28
TQBR,2025-04-28,Сегежа,SGZH,69090,426522497.4,1.535,1.507,1.556,1.535,1.532,1.529,278320300,1.528,1.528,,274340642.7,274340642.7,,0,3,SUR,-0.2,2025-04-28
TQBR,2025-04-28,Газпрнефть,SIBN,34125,816792439.95,580,575.65,593.95,586,584.4,580.6,1397703,585.5,585.5,,613920732.1,613920732.1,,0,3,SUR,0.45,2025-04-28
TQBR,2025-04-28,Сахэнер ао,SLEN,311,2678071.5,3.46,3.3,3.58,3.385,3.415,3.385,784000,3.415,3.415,,2678071.5,2678071.5,,0,3,SUR,1.04,2025-04-28
TQBR,2025-04-28,Самолет ао,SMLT,51062,3599413546,1288.5,1247.5,1308.5,1267.5,1270.5,1259,2833090,1267.5,1267.5,,2013458178.5,2013458178.5,,0,3,SUR,-1.87,2025-04-28
TQBR,2025-04-28,Сургнфгз,SNGS,28232,1912318395.5,24.195,23.645,24.49,24.385,24.15,24.05,79181300,24.13,24.13,,1295168532,1295168532,,0,3,SUR,-0.33,2025-04-28
TQBR,2025-04-28,Сургнфгз-п,SNGSP,40069,944820057.8,54.195,53.565,54.45,54.1,54.02,53.835,17490830,53.99,53.99,,595177219.3,595177219.3,,0,3,SUR,-0.56,2025-04-28
TQBR,2025-04-28,iСофтлайн,SOFL,6237,138446729.4,105.9,105.74,108.24,107.1,107.06,106.28,1293150,106.96,106.96,,61846330,61846330,,0,3,SUR,0.25,2025-04-28
TQBR,2025-04-28,СПБ Биржа,SPBE,73111,4196186356.2,283.7,271.8,298,282.2,281.3,276.1,14918846,283.1,283.1,,2250537885.7,2250537885.7,,0,3,SUR,-2.27,2025-04-28
TQBR,2025-04-28,СтаврЭнСб,STSB,85,1135350,3.945,3.94,4.08,3.975,4,3.975,284000,4,4,,1135350,1135350,,0,3,SUR,1.66,2025-04-28
TQBR,2025-04-28,СтаврЭнСбп,STSBP,89,1438860,4.73,4.73,4.865,4.825,4.81,4.825,299000,4.81,4.81,,1438860,1438860,,0,3,SUR,1.47,2025-04-28
TQBR,2025-04-28,СОЛЛЕРС,SVAV,6244,58495849.5,707,705,716.5,709.5,710.5,709,82329,710.5,710.5,,25172689,25172689,,0,3,SUR,0.5,2025-04-28
TQBR,2025-04-28,Совкомбанк,SVCB,21759,820476905.5,16.835,16.4,16.97,16.645,16.615,16.4,49380500,16.57,16.57,,554122561,554122561,,0,3,SUR,-2.18,2025-04-28
TQBR,2025-04-28,Светофор,SVET,1210,1818859.45,15.95,15.9,16.25,16.05,16.05,16.05,113350,16.05,16.05,,1818859.45,1818859.45,,0,3,SUR,0.31,2025-04-28
TQBR,2025-04-28,Светофор п,SVETP,1557,4282297.1,22.9,21.95,23.45,22.4,22.3,22.4,191298,22.4,22.4,,4282297.1,4282297.1,,0,3,SUR,-2.18,2025-04-28
TQBR,2025-04-28,Т-Техно ао,T,116026,15176844598.8,3301.6,3268,3347.8,3311.2,3309,3279.8,4586430,3303.2,3303.2,,7794684031.8,7794684031.8,,0,3,SUR,-0.14,2025-04-28
TQBR,2025-04-28,ТамбЭнСб,TASB,20,99798,1.438,1.42,1.44,1.42,1.426,1.42,70000,,1.428,,0,509740,,0,3,SUR,-1.25,2025-04-28
TQBR,2025-04-28,ТамбЭнСб-п,TASBP,7,69800,0.86,0.86,0.88,0.878,0.872,0.88,80000,,0.862,,0,508900,,0,3,SUR,2.33,2025-04-28
TQBR,2025-04-28,Татнфт 3ао,TATN,75814,2227394578.2,719.5,707.4,733.8,729.7,721.8,725.4,3085823,721.8,721.8,,1660914997.6,1660914997.6,,0,3,SUR,0.82,2025-04-28
TQBR,2025-04-28,Татнфт 3ап,TATNP,22641,420825066.9,680.9,671.8,692.2,689,684,683.6,615235,684.2,684.2,,288760586,288760586,,0,3,SUR,0.46,2025-04-28
TQBR,2025-04-28,ТГК-1,TGKA,3693,73579905,0.007096,0.006902,0.00716,0.00701,0.007038,0.006986,10455100000,0.007002,0.007002,,38839451.6,38839451.6,,0,3,SUR,-1.1,2025-04-28
TQBR,2025-04-28,ТГК-2,TGKB,132,1902645,0.0067,0.006605,0.00678,0.006765,0.0067,0.006765,284000000,0.0067,0.0067,,1902645,1902645,,0,3,SUR,0.22,2025-04-28
TQBR,2025-04-28,ТГК-2 ап,TGKBP,190,1196544,0.01044,0.0102,0.01053,0.01035,0.01037,0.01035,115400000,0.01037,0.01037,,1196544,1196544,,0,3,SUR,-1.24,2025-04-28
TQBR,2025-04-28,ТГК-14,TGKN,4341,41498934,0.00798,0.0079,0.00807,0.00803,0.008,0.00803,5189800000,0.008,0.008,,41498934,41498934,,0,3,SUR,1.77,2025-04-28
TQBR,2025-04-28,ТНСэнрг ао,TNSE,82,430570,2375,2255,2375,2270,2305,2270,187,,2300,,0,504205,,0,3,SUR,-2.16,2025-04-28
TQBR,2025-04-28,РСТомск ао,TORS,5,29400,0.586,0.586,0.59,0.59,0.588,0.59,50000,,0.58,,0,504960,,0,3,SUR,1.03,2025-04-28
TQBR,2025-04-28,РСТомск ап,TORSP,10,89420,0.432,0.422,0.432,0.426,0.426,0.426,210000,,0.432,,0,501630,,0,3,SUR,-0.7,2025-04-28
TQBR,2025-04-28,ТМК ао,TRMK,9624,271689968.4,115,111.4,116.46,113.98,113.78,113.46,2387730,113.3,113.3,,173623386,173623386,,0,3,SUR,-0.93,2025-04-28
TQBR,2025-04-28,Транснф ап,TRNFP,49966,1894858719.4,1317.6,1294.8,1329.8,1310,1308.4,1297.2,1448289,1306.4,1306.4,,1371047834.6,1371047834.6,,0,3,SUR,-1.55,2025-04-28
TQBR,2025-04-28,Таттел. ао,TTLK,1517,14182418.5,0.728,0.7165,0.755,0.7405,0.7415,0.7405,19127000,0.7415,0.7415,,14182418.5,14182418.5,,0,3,SUR,4.3,2025-04-28
TQBR,2025-04-28,ТЗА ао,TUZA,182,1737585,181,177,183,179.5,179.5,180.5,9680,179.5,179.5,,1737585,1737585,,0,3,SUR,0,2025-04-28
TQBR,2025-04-28,ЮГК,UGLD,50973,812037946.6,0.6855,0.6708,0.6923,0.6745,0.68,0.676,1194119000,0.678,0.678,,559382861.1,559382861.1,,0,3,SUR,-1.24,2025-04-28
TQBR,2025-04-28,ЮжКузб. ао,UKUZ,25,73500,1056,1056,1084,1058,1066,1058,69,,1064,,0,510928,,0,3,SUR,-0.94,2025-04-28
TQBR,2025-04-28,iАвиастКао,UNAC,6233,165779687,0.634,0.6245,0.645,0.637,0.6365,0.631,260462000,0.6375,0.6375,,102050153,102050153,,0,3,SUR,-0.47,2025-04-28
TQBR,2025-04-28,ЮУНК ао,UNKL,187,2260340,5570,5450,5660,5570,5550,5570,407,5550,5550,,2260340,2260340,,0,3,SUR,-0.54,2025-04-28
TQBR,2025-04-28,Юнипро ао,UPRO,28749,1322323569,1.904,1.84,1.933,1.87,1.883,1.861,701938000,1.873,1.873,,828295918,828295918,,0,3,SUR,-2.26,2025-04-28
TQBR,2025-04-28,УрКузница,URKZ,5,338500,34000,31600,34200,31600,33900,31600,10,33900,33900,,575800,507900,,0,3,SUR,-7.06,2025-04-28
TQBR,2025-04-28,УралСиб ао,USBN,168,1367157,0.1631,0.161,0.1654,0.1619,0.1635,0.1619,8360000,0.1635,0.1635,,1367157,1367157,,0,3,SUR,0.06,2025-04-28
TQBR,2025-04-28,ЮТэйр ао,UTAR,183,2291681,13.06,13.06,13.45,13.21,13.28,13.15,172600,13.28,13.28,,2291681,2291681,,0,3,SUR,3.22,2025-04-28
TQBR,2025-04-28,ОВК ао,UWGN,48756,596292299.4,45.04,43.52,48.96,44.16,45.7,44.02,13045974,46.02,46.02,,482382627.3,482382627.3,,0,3,SUR,-1.87,2025-04-28
TQBR,2025-04-28,VEON,VEON-RX,307,3666395.5,91,86.55,92,89.75,88.3,89.85,41530,88.3,88.3,,3666395.5,3666395.5,,0,3,SUR,0.79,2025-04-28
TQBR,2025-04-28,ВолгЭнСб,VGSB,23,342950,11.4,10.85,11.4,10.95,11.05,10.95,31000,,11,,0,516900,,0,3,SUR,-0.45,2025-04-28
TQBR,2025-04-28,ВолгЭнСб-п,VGSBP,6,66760,11.26,11.04,11.26,11.04,11.1,11.04,6000,,10.94,,0,503060,,0,3,SUR,0,2025-04-28
TQBR,2025-04-28,Варьеган,VJGZ,22,153955,2590,2540,2590,2540,2565,2540,60,,2585,,0,550585,,0,3,SUR,-1.36,2025-04-28
TQBR,2025-04-28,Варьеган-п,VJGZP,63,272535,1600,1540,1625,1560,1565,1565,174,,1570,,0,501100,,0,3,SUR,-0.63,2025-04-28
TQBR,2025-04-28,"МКПАО ""ВК""",VKCO,41075,1425363546.8,284,270.8,286.7,275,278.3,272.9,5122457,277.1,277.1,,783757519.9,783757519.9,,0,3,SUR,-3.77,2025-04-28
TQBR,2025-04-28,ВХЗ-ао,VLHZ,118,1382896,193.2,186.6,193.2,189.8,189,190.2,7320,189,189,,1382896,1382896,,0,3,SUR,-1.04,2025-04-28
TQBR,2025-04-28,ТНСэнВорон,VRSB,177,2341775,413,395,413,398,404,398,5800,404,404,,2341775,2341775,,0,3,SUR,-1,2025-04-28
TQBR,2025-04-28,ТНСэнВор-п,VRSBP,41,164326,130,128.2,131.6,130.8,129.4,130,1270,,130.8,,0,500584,,0,3,SUR,-0.15,2025-04-28
TQBR,2025-04-28,ВИ.ру,VSEH,12255,78098301.55,92.95,90.2,93.5,91.6,92,91.2,849019,91.85,91.85,,55023564.5,55023564.5,,0,3,SUR,-1.41,2025-04-28
TQBR,2025-04-28,ВСМПО-АВСМ,VSMO,1228,86043860,35220,34800,35920,35360,35360,35700,2434,35300,35300,,49713000,49713000,,0,3,SUR,1.36,2025-04-28
TQBR,2025-04-28,ВыбСудЗ ао,VSYD,11,131150,12450,11750,12450,11800,11900,11750,11,,11750,,0,552550,,0,3,SUR,0.86,2025-04-28
TQBR,2025-04-28,ВыбСудЗ ап,VSYDP,11,102800,9050,8400,9050,8550,8550,8550,12,,8500,,0,501350,,0,3,SUR,1.18,2025-04-28
TQBR,2025-04-28,ВТБ ао,VTBR,1026348,66219536606.07,87.62,85.9,109.04,100.03,99.99,98.55,662258015,101.12,101.12,,55147882446.33,55147882446.33,,0,3,SUR,12.96,2025-04-28
TQBR,2025-04-28,ЦМТ ао,WTCM,139,1264020,13.16,12.96,13.32,13.1,13.22,13.1,95600,13.22,13.22,,1264020,1264020,,0,3,SUR,1.39,2025-04-28
TQBR,2025-04-28,ЦМТ ап,WTCMP,472,2967100,10.34,10.12,10.42,10.18,10.22,10.18,290300,10.22,10.22,,2967100,2967100,,0,3,SUR,-1.55,2025-04-28
TQBR,2025-04-28,iВУШХолднг,WUSH,19926,432498056.79,188.46,184.4,191.28,187.5,188.44,186.89,2295110,188.24,188.24,,257915522.2,257915522.2,,0,3,SUR,-0.83,2025-04-28
TQBR,2025-04-28,КЦ ИКС 5,X5,52522,3290948510,3424,3392.5,3462,3426,3428.5,3407,959717,3424.5,3424.5,,1668480856.5,1668480856.5,,0,3,SUR,-0.28,2025-04-28
TQBR,2025-04-28,ЯТЭК ао,YAKG,131,701634.5,60.3,59.5,60.45,59.9,59.95,59.9,11700,59.95,59.95,,701634.5,701634.5,,0,3,SUR,0.34,2025-04-28
TQBR,2025-04-28,ЯНДЕКС,YDEX,40162,3650820319,4323,4237,4358,4358,4308,4283,847387,4306,4306,,2820019724,2820019724,,0,3,SUR,-2.02,2025-04-28
TQBR,2025-04-28,Якутскэнрг,YKEN,71,753230,0.488,0.466,0.504,0.485,0.483,0.485,1560000,0.483,0.483,,753230,753230,,0,3,SUR,1.04,2025-04-28
TQBR,2025-04-28,Якутскэн-п,YKENP,21,164410,0.37,0.37,0.377,0.375,0.374,0.375,440000,,0.367,,0,503260,,0,3,SUR,1.35,2025-04-28
TQBR,2025-04-28,ТНСэнЯр,YRSB,29,277880,732,722,750,744,732,744,380,,736,,0,501020,,0,3,SUR,-0.8,2025-04-28
TQBR,2025-04-28,ТНСэнЯр-п,YRSBP,131,1334485,215,207,222.5,210,212,210,6300,212,212,,1334485,1334485,,0,3,SUR,-0.24,2025-04-28
TQBR,2025-04-28,Займер ао,ZAYM,2640,31824361.5,148,147,151.5,150,149.4,147.65,213110,149.8,149.8,,19468136.5,19468136.5,,0,3,SUR,-0.14,2025-04-28
TQBR,2025-04-28,ЗИЛ ао,ZILL,71,1083325,4005,4000,4240,4095,4105,4080,264,4105,4105,,1083325,1083325,,0,3,SUR,0.49,2025-04-28
TQBR,2025-04-28,ЗВЕЗДА ао,ZVEZ,12,163220,7.79,7.69,7.84,7.78,7.77,7.77,21000,,7.75,,0,511190,,0,3,SUR,0.78,2025-04-28
